TrapID,Date_YMD,Exp_or_Cont,design,days_since_last_haul,depth_m,N_coord,W_coord,location_exposure,Habitat,mean_length_cm,total_biomass_kg,no_fish,no_species
C1,2018-03-16,Control,Z,4,NA,NA,NA,Leeward,NA,0,0,0,0
C1,2018-03-24,Control,Z,4,NA,NA,NA,Leeward,NA,0,0,0,0
C1,2018-03-28,Control,Z,4,NA,NA,NA,Leeward,NA,0,0,0,0
C10,2018-03-16,Control,Z,4,NA,16.82304,-62.20645,Leeward,Coral Reef,25.5,0.25,1,1
C10,2018-03-20,Control,Z,4,NA,16.82304,-62.20645,Leeward,Coral Reef,0,0,0,0
C10,2018-03-24,Control,Z,4,NA,16.82304,-62.20645,Leeward,Coral Reef,20,0.475,3,2
C11,2018-06-05,Control,V,14,44.8056,16.8498166666667,-62.1785666666667,Windward,Algal Reef (Hard Bottom),28.2,3.74,10,6
C11,2018-06-19,Control,V,14,44.8056,16.8498166666667,-62.1785666666667,Windward,Algal Reef (Hard Bottom),28.25,8.48,8,4
C11,2018-08-28,Control,V,14,44.8056,16.8498166666667,-62.1785666666667,Windward,Algal Reef (Hard Bottom),30.4166666666667,3.48,6,3
C11,2018-09-11,Control,V,14,44.8056,16.8498166666667,-62.1785666666667,Windward,Algal Reef (Hard Bottom),22.0862068965517,6.72,29,8
C11,2018-09-23,Control,V,12,44.8056,16.8498166666667,-62.1785666666667,Windward,Algal Reef (Hard Bottom),27.75,2.36,6,3
C12,2018-04-30,Control,V,6,NA,16.8518,-62.1755166666667,Windward,Coral Reef,30.75,1.055,2,1
C12,2018-06-05,Control,V,14,NA,16.8518,-62.1755166666667,Windward,Coral Reef,27.5625,3.38,8,3
C12,2018-08-28,Control,V,14,NA,16.8518,-62.1755166666667,Windward,Coral Reef,28.75,1.86,4,3
C12,2018-09-11,Control,V,14,NA,16.8518,-62.1755166666667,Windward,Coral Reef,20,0.14,1,1
C12,2018-09-23,Control,V,12,NA,16.8518,-62.1755166666667,Windward,Coral Reef,26.5,2.22,4,3
C13,2018-04-30,Control,V,6,NA,16.8529666666667,-62.1763166666667,Windward,Coral Reef,29.3333333333333,1.44,3,1
C13,2018-09-23,Control,V,12,NA,16.8529666666667,-62.1763166666667,Windward,Coral Reef,29.375,1.76,4,2
C14,2018-04-30,Control,V,6,47.8536,16.8427,-62.1686666666667,Windward,Algal Reef (Hard Bottom),29.625,1.495,4,2
C14,2018-08-28,Control,V,14,47.8536,16.8427,-62.1686666666667,Windward,Algal Reef (Hard Bottom),0,0,0,0
C15,2018-08-28,Control,V,14,48.768,16.8431833333333,-62.1676166666667,Windward,Algal Reef (Hard Bottom),33.5,0.86,1,1
C15,2018-09-11,Control,V,14,48.768,16.8431833333333,-62.1676166666667,Windward,Algal Reef (Hard Bottom),27.2857142857143,2.5,7,5
C16,2018-08-28,Control,V,14,19.812,16.7102833333333,-62.2405833333333,Leeward,Sand,23.3,2.74,10,5
C17,2018-08-28,Control,V,14,26.8224,16.7097333333333,-62.241,Leeward,Sand,24.71875,3.76,16,2
C17,2018-09-23,Control,V,12,26.8224,16.7097333333333,-62.241,Leeward,Sand,23.8,2.82,10,3
C18,2018-08-28,Control,V,14,NA,16.7108333333333,-62.2399,Leeward,Seagrass,24.7647058823529,5.1,17,9
C18,2018-09-11,Control,V,14,NA,16.7108333333333,-62.2399,Leeward,Seagrass,24.2777777777778,2.62,9,5
C18,2018-09-23,Control,V,12,NA,16.7108333333333,-62.2399,Leeward,Seagrass,27.125,1.78,4,3
C18,2018-10-23,Control,V,30,NA,16.7108333333333,-62.2399,Leeward,Seagrass,26.3333333333333,1.1,3,3
C18,2018-11-21,Control,V,29,NA,16.7108333333333,-62.2399,Leeward,Seagrass,25.75,3.74,8,2
C19,2018-08-28,Control,V,14,NA,16.7113166666667,-62.2389166666667,Leeward,Coral Reef,23.5,3.06,12,5
C19,2018-09-11,Control,V,14,NA,16.7113166666667,-62.2389166666667,Leeward,Coral Reef,21.5416666666667,2.98,12,4
C19,2018-09-23,Control,V,12,NA,16.7113166666667,-62.2389166666667,Leeward,Coral Reef,22.3333333333333,4.16,15,4
C19,2018-10-23,Control,V,30,NA,16.7113166666667,-62.2389166666667,Leeward,Coral Reef,28.75,0.88,2,2
C2,2018-03-16,Control,Z,4,NA,NA,NA,Leeward,NA,0,0,0,0
C2,2018-03-20,Control,Z,4,NA,NA,NA,Leeward,NA,19.5,3.882,23,3
C20,2018-08-28,Control,V,14,NA,16.7116666666667,-62.2381333333333,Leeward,Coral Reef,0,0,0,0
C20,2018-09-11,Control,V,14,NA,16.7116666666667,-62.2381333333333,Leeward,Coral Reef,26.3333333333333,3.9,12,7
C20,2018-09-23,Control,V,12,NA,16.7116666666667,-62.2381333333333,Leeward,Coral Reef,27.9583333333333,11.2,24,4
C20,2018-10-23,Control,V,30,NA,16.7116666666667,-62.2381333333333,Leeward,Coral Reef,22.2857142857143,3.58,14,7
C20,2018-11-21,Control,V,29,NA,16.7116666666667,-62.2381333333333,Leeward,Coral Reef,22.4038461538462,5.8,26,9
C3,2018-03-16,Control,Z,4,27.1272,16.7078833333333,-62.23888,Leeward,Sand,25.4210526315789,8.147,19,7
C3,2018-03-20,Control,Z,4,27.1272,16.7078833333333,-62.23888,Leeward,Sand,22.2727272727273,2.334,11,5
C3,2018-03-24,Control,Z,4,27.1272,16.7078833333333,-62.23888,Leeward,Sand,22.9,2.423,10,7
C3,2018-03-28,Control,Z,4,27.1272,16.7078833333333,-62.23888,Leeward,Sand,21,1.129,5,2
C3,2018-04-03,Control,Z,6,27.1272,16.7078833333333,-62.23888,Leeward,Sand,19.5555555555556,1.675,9,2
C3,2018-04-10,Control,Z,7,27.1272,16.7078833333333,-62.23888,Leeward,Sand,20.6,7.208,35,5
C3,2018-04-17,Control,Z,7,27.1272,16.7078833333333,-62.23888,Leeward,Sand,22.25,7.76,34,7
C3,2018-04-24,Control,Z,7,27.1272,16.7078833333333,-62.23888,Leeward,Sand,21.5217391304348,6.88,23,5
C3,2018-05-01,Control,Z,7,27.1272,16.7078833333333,-62.23888,Leeward,Sand,21.08,5.466,25,9
C3,2018-05-08,Control,Z,7,27.1272,16.7078833333333,-62.23888,Leeward,Sand,24.5,1.16,2,1
C3,2018-06-05,Control,Z,14,27.1272,16.7078833333333,-62.23888,Leeward,Sand,23.8947368421053,15.345,19,8
C3,2018-06-19,Control,Z,14,27.1272,16.7078833333333,-62.23888,Leeward,Sand,27.6428571428571,8.67,14,4
C3,2018-07-03,Control,Z,14,27.1272,16.7078833333333,-62.23888,Leeward,Sand,27,3.25,3,2
C3,2018-08-02,Control,Z,30,27.1272,16.7078833333333,-62.23888,Leeward,Sand,29.3571428571429,3.52,7,5
C3,2018-08-14,Control,Z,12,27.1272,16.7078833333333,-62.23888,Leeward,Sand,27.2,1.9,5,3
C3,2018-08-28,Control,Z,14,27.1272,16.7078833333333,-62.23888,Leeward,Sand,26.1875,2.62,8,3
C3,2018-09-11,Control,Z,14,27.1272,16.7078833333333,-62.23888,Leeward,Sand,33.125,2.7,4,3
C3,2018-09-23,Control,Z,12,27.1272,16.7078833333333,-62.23888,Leeward,Sand,28.6,6.44,15,7
C3,2018-11-21,Control,Z,29,27.1272,16.7078833333333,-62.23888,Leeward,Sand,35.8,5.7,5,4
C4,2018-03-16,Control,Z,4,28.0416,16.7109633333334,-62.239745,Leeward,Seagrass,17.9333333333333,2.568,15,7
C4,2018-03-20,Control,Z,4,28.0416,16.7109633333334,-62.239745,Leeward,Seagrass,21.0172413793103,6.519,29,10
C4,2018-03-24,Control,Z,4,28.0416,16.7109633333334,-62.239745,Leeward,Seagrass,21.4642857142857,3.204,14,4
C4,2018-03-28,Control,Z,4,28.0416,16.7109633333334,-62.239745,Leeward,Seagrass,21.2142857142857,1.708,7,4
C4,2018-04-03,Control,Z,6,28.0416,16.7109633333334,-62.239745,Leeward,Seagrass,21.9285714285714,3.512,14,6
C4,2018-04-10,Control,Z,7,28.0416,16.7109633333334,-62.239745,Leeward,Seagrass,19.6190476190476,3.86,21,6
C4,2018-04-17,Control,Z,7,28.0416,16.7109633333334,-62.239745,Leeward,Seagrass,22.5333333333333,3.671,15,7
C4,2018-04-24,Control,Z,7,28.0416,16.7109633333334,-62.239745,Leeward,Seagrass,22.2954545454545,8.33,22,7
C4,2018-05-01,Control,Z,7,28.0416,16.7109633333334,-62.239745,Leeward,Seagrass,25.3518518518519,9.925,27,7
C4,2018-05-08,Control,Z,7,28.0416,16.7109633333334,-62.239745,Leeward,Seagrass,21.7575757575758,7.49,33,8
C4,2018-05-15,Control,Z,7,28.0416,16.7109633333334,-62.239745,Leeward,Seagrass,22.8409090909091,6.885,22,5
C4,2018-05-22,Control,Z,7,28.0416,16.7109633333334,-62.239745,Leeward,Seagrass,20.8269230769231,5.533,26,5
C4,2018-06-05,Control,Z,14,28.0416,16.7109633333334,-62.239745,Leeward,Seagrass,22.5,2.98,11,3
C4,2018-06-19,Control,Z,14,28.0416,16.7109633333334,-62.239745,Leeward,Seagrass,41.1,5.4,5,3
C4,2018-08-02,Control,Z,30,28.0416,16.7109633333334,-62.239745,Leeward,Seagrass,33.75,4.76,4,1
C4,2018-08-14,Control,Z,12,28.0416,16.7109633333334,-62.239745,Leeward,Seagrass,31.5,0.78,1,1
C4,2018-08-28,Control,Z,14,28.0416,16.7109633333334,-62.239745,Leeward,Seagrass,35.5,3.58,5,3
C5,2018-03-16,Control,Z,4,50.292,16.7617916666667,-62.23525,Leeward,Sand,23,0.3,1,1
C5,2018-03-20,Control,Z,4,50.292,16.7617916666667,-62.23525,Leeward,Sand,23.1666666666667,0.64,3,2
C5,2018-03-24,Control,Z,4,50.292,16.7617916666667,-62.23525,Leeward,Sand,23,0.451,2,1
C5,2018-03-28,Control,Z,4,50.292,16.7617916666667,-62.23525,Leeward,Sand,0,0,0,0
C5,2018-04-03,Control,Z,6,50.292,16.7617916666667,-62.23525,Leeward,Sand,32,0.72,1,1
C5,2018-04-10,Control,Z,7,50.292,16.7617916666667,-62.23525,Leeward,Sand,24.75,1.102,4,2
C5,2018-04-17,Control,Z,7,50.292,16.7617916666667,-62.23525,Leeward,Sand,29,0.1,1,1
C5,2018-04-24,Control,Z,7,50.292,16.7617916666667,-62.23525,Leeward,Sand,25.3333333333333,0.89,3,3
C5,2018-05-08,Control,Z,7,50.292,16.7617916666667,-62.23525,Leeward,Sand,24,2.21,9,3
C5,2018-05-22,Control,Z,7,50.292,16.7617916666667,-62.23525,Leeward,Sand,29.3,2.88,5,3
C5,2018-06-05,Control,Z,14,50.292,16.7617916666667,-62.23525,Leeward,Sand,27.6111111111111,7.42,18,7
C5,2018-06-19,Control,Z,14,50.292,16.7617916666667,-62.23525,Leeward,Sand,24.1896551724138,20.08,29,8
C5,2018-07-03,Control,Z,14,50.292,16.7617916666667,-62.23525,Leeward,Sand,22.9166666666667,7.61,12,6
C5,2018-08-02,Control,Z,30,50.292,16.7617916666667,-62.23525,Leeward,Sand,25.9444444444444,2.68,9,3
C5,2018-08-14,Control,Z,12,50.292,16.7617916666667,-62.23525,Leeward,Sand,26.75,3.26,8,1
C5,2018-08-28,Control,Z,14,50.292,16.7617916666667,-62.23525,Leeward,Sand,21.375,0.9,4,4
C5,2018-09-11,Control,Z,14,50.292,16.7617916666667,-62.23525,Leeward,Sand,28.5833333333333,2.8,6,2
C5,2018-09-23,Control,Z,12,50.292,16.7617916666667,-62.23525,Leeward,Sand,24.1333333333333,5.64,15,5
C5,2018-10-23,Control,Z,30,50.292,16.7617916666667,-62.23525,Leeward,Sand,26.9375,3.34,8,6
C5,2018-11-21,Control,Z,29,50.292,16.7617916666667,-62.23525,Leeward,Sand,25.53125,4.4,16,6
C6,2018-03-16,Control,Z,4,35.052,16.7582066666667,-62.2371977777778,Leeward,Sand,27,0.306,1,1
C6,2018-03-20,Control,Z,4,35.052,16.7582066666667,-62.2371977777778,Leeward,Sand,25.25,2.276,6,6
C6,2018-03-24,Control,Z,4,35.052,16.7582066666667,-62.2371977777778,Leeward,Sand,21.5,1.026,4,1
C6,2018-03-28,Control,Z,4,35.052,16.7582066666667,-62.2371977777778,Leeward,Sand,24,0.343,1,1
C6,2018-04-03,Control,Z,6,35.052,16.7582066666667,-62.2371977777778,Leeward,Sand,26,0.862,3,3
C6,2018-04-10,Control,Z,7,35.052,16.7582066666667,-62.2371977777778,Leeward,Sand,22.8,2.794,10,7
C6,2018-04-17,Control,Z,7,35.052,16.7582066666667,-62.2371977777778,Leeward,Sand,20.3695652173913,5.012,23,3
C6,2018-04-24,Control,Z,7,35.052,16.7582066666667,-62.2371977777778,Leeward,Sand,24.25,1.57,6,5
C6,2018-05-01,Control,Z,7,35.052,16.7582066666667,-62.2371977777778,Leeward,Sand,27.75,0.695,2,2
C6,2018-05-08,Control,Z,7,35.052,16.7582066666667,-62.2371977777778,Leeward,Sand,22.25,0.595,2,2
C6,2018-05-15,Control,Z,7,35.052,16.7582066666667,-62.2371977777778,Leeward,Sand,26.5,0.705,2,2
C6,2018-05-22,Control,Z,7,35.052,16.7582066666667,-62.2371977777778,Leeward,Sand,22,2.135,8,6
C6,2018-06-05,Control,Z,14,35.052,16.7582066666667,-62.2371977777778,Leeward,Sand,25.0434782608696,8.902,23,9
C6,2018-07-03,Control,Z,14,35.052,16.7582066666667,-62.2371977777778,Leeward,Sand,35.5,2.06,1,1
C6,2018-08-02,Control,Z,30,35.052,16.7582066666667,-62.2371977777778,Leeward,Sand,25.6904761904762,15.8,42,8
C6,2018-08-14,Control,Z,12,35.052,16.7582066666667,-62.2371977777778,Leeward,Sand,31.0833333333333,9.26,18,7
C6,2018-08-28,Control,Z,14,35.052,16.7582066666667,-62.2371977777778,Leeward,Sand,27.875,2.45,4,3
C6,2018-09-11,Control,Z,14,35.052,16.7582066666667,-62.2371977777778,Leeward,Sand,29.375,2.14,4,3
C6,2018-09-23,Control,Z,12,35.052,16.7582066666667,-62.2371977777778,Leeward,Sand,30.6666666666667,2.25,6,2
C7,2018-03-16,Control,Z,4,48.4632,16.7881888888889,-62.2289244444445,Leeward,Hard Bottom and Sand,19.5,0.379,2,2
C7,2018-03-20,Control,Z,4,48.4632,16.7881888888889,-62.2289244444445,Leeward,Hard Bottom and Sand,0,0,0,0
C7,2018-03-24,Control,Z,4,48.4632,16.7881888888889,-62.2289244444445,Leeward,Hard Bottom and Sand,16.3421052631579,2.706,19,5
C7,2018-03-28,Control,Z,4,48.4632,16.7881888888889,-62.2289244444445,Leeward,Hard Bottom and Sand,17,0.241,2,2
C7,2018-04-03,Control,Z,6,48.4632,16.7881888888889,-62.2289244444445,Leeward,Hard Bottom and Sand,22.1666666666667,2.12,9,5
C7,2018-04-10,Control,Z,7,48.4632,16.7881888888889,-62.2289244444445,Leeward,Hard Bottom and Sand,16.7391304347826,2.914,23,5
C7,2018-04-17,Control,Z,7,48.4632,16.7881888888889,-62.2289244444445,Leeward,Hard Bottom and Sand,19,0.407,2,2
C7,2018-05-22,Control,Z,7,48.4632,16.7881888888889,-62.2289244444445,Leeward,Hard Bottom and Sand,28.1666666666667,1.015,3,2
C7,2018-07-03,Control,Z,14,48.4632,16.7881888888889,-62.2289244444445,Leeward,Hard Bottom and Sand,25.8636363636364,10.51,11,5
C7,2018-08-02,Control,Z,30,48.4632,16.7881888888889,-62.2289244444445,Leeward,Hard Bottom and Sand,30.45,10.6,10,3
C7,2018-08-14,Control,Z,12,48.4632,16.7881888888889,-62.2289244444445,Leeward,Hard Bottom and Sand,18.6071428571429,2.67,14,4
C7,2018-08-28,Control,Z,14,48.4632,16.7881888888889,-62.2289244444445,Leeward,Hard Bottom and Sand,0,0,0,0
C7,2018-09-11,Control,Z,14,48.4632,16.7881888888889,-62.2289244444445,Leeward,Hard Bottom and Sand,24.3571428571429,4.32,14,6
C7,2018-09-23,Control,Z,12,48.4632,16.7881888888889,-62.2289244444445,Leeward,Hard Bottom and Sand,30.5833333333333,2.54,6,2
C7,2018-10-23,Control,Z,30,48.4632,16.7881888888889,-62.2289244444445,Leeward,Hard Bottom and Sand,23,2.28,9,3
C8,2018-03-16,Control,Z,4,49.3776,16.7906166666667,-62.2270916666667,Leeward,Sand,16.5625,1.158,8,4
C8,2018-03-20,Control,Z,4,49.3776,16.7906166666667,-62.2270916666667,Leeward,Sand,25,1.483,4,3
C8,2018-03-24,Control,Z,4,49.3776,16.7906166666667,-62.2270916666667,Leeward,Sand,18,0.247,2,1
C8,2018-03-28,Control,Z,4,49.3776,16.7906166666667,-62.2270916666667,Leeward,Sand,16.0625,0.88,8,4
C8,2018-04-10,Control,Z,7,49.3776,16.7906166666667,-62.2270916666667,Leeward,Sand,18.2173913043478,3.414,23,11
C8,2018-04-17,Control,Z,7,49.3776,16.7906166666667,-62.2270916666667,Leeward,Sand,0,0,0,0
C8,2018-04-24,Control,Z,7,49.3776,16.7906166666667,-62.2270916666667,Leeward,Sand,27.2857142857143,7.03,7,5
C8,2018-05-01,Control,Z,7,49.3776,16.7906166666667,-62.2270916666667,Leeward,Sand,25.8,3.503,10,4
C8,2018-05-15,Control,Z,7,49.3776,16.7906166666667,-62.2270916666667,Leeward,Sand,21.9285714285714,1.835,7,2
C8,2018-06-05,Control,Z,14,49.3776,16.7906166666667,-62.2270916666667,Leeward,Sand,33,1.87,3,2
C8,2018-06-19,Control,Z,14,49.3776,16.7906166666667,-62.2270916666667,Leeward,Sand,19.5,3.46,8,1
C8,2018-07-03,Control,Z,14,49.3776,16.7906166666667,-62.2270916666667,Leeward,Sand,29.5789473684211,19.58,19,5
C8,2018-08-02,Control,Z,30,49.3776,16.7906166666667,-62.2270916666667,Leeward,Sand,26.4666666666667,5.92,15,5
C8,2018-08-14,Control,Z,12,49.3776,16.7906166666667,-62.2270916666667,Leeward,Sand,24.25,1.34,4,3
C8,2018-08-28,Control,Z,14,49.3776,16.7906166666667,-62.2270916666667,Leeward,Sand,28.6923076923077,4.7,13,5
C8,2018-09-11,Control,Z,14,49.3776,16.7906166666667,-62.2270916666667,Leeward,Sand,27.6666666666667,0.9,3,2
C9,2018-03-16,Control,Z,4,15.24,16.82244,-62.2074083333334,Leeward,Sand,22.8214285714286,4.09,14,3
C9,2018-03-20,Control,Z,4,15.24,16.82244,-62.2074083333334,Leeward,Sand,32.5,0.63,1,1
C9,2018-03-28,Control,Z,4,15.24,16.82244,-62.2074083333334,Leeward,Sand,0,0,0,0
C9,2018-04-17,Control,Z,7,15.24,16.82244,-62.2074083333334,Leeward,Sand,17.2857142857143,7.081,49,3
C9,2018-04-24,Control,Z,7,15.24,16.82244,-62.2074083333334,Leeward,Sand,25.5,2.35,4,2
C9,2018-06-19,Control,Z,14,15.24,16.82244,-62.2074083333334,Leeward,Sand,35.25,6.71,6,3
C9,2018-07-03,Control,Z,14,15.24,16.82244,-62.2074083333334,Leeward,Sand,21.5,0.49,1,1
C9,2018-08-02,Control,Z,30,15.24,16.82244,-62.2074083333334,Leeward,Sand,23,0.94,3,2
C9,2018-08-14,Control,Z,12,15.24,16.82244,-62.2074083333334,Leeward,Sand,35,0.74,2,2
C9,2018-08-28,Control,Z,14,15.24,16.82244,-62.2074083333334,Leeward,Sand,31,1.92,3,2
E1,2018-03-16,Experimental,Z,4,32.9184,16.6884183333334,-62.2136783333333,Leeward,Sand,17.25,0.33,2,1
E1,2018-03-20,Experimental,Z,4,32.9184,16.6884183333334,-62.2136783333333,Leeward,Sand,28.375,2.195,4,2
E1,2018-03-24,Experimental,Z,4,32.9184,16.6884183333334,-62.2136783333333,Leeward,Sand,25.85,3.75,10,3
E1,2018-03-28,Experimental,Z,4,32.9184,16.6884183333334,-62.2136783333333,Leeward,Sand,27.5,0.286,1,1
E1,2018-04-03,Experimental,Z,6,32.9184,16.6884183333334,-62.2136783333333,Leeward,Sand,22.6190476190476,5.304,21,10
E1,2018-04-10,Experimental,Z,7,32.9184,16.6884183333334,-62.2136783333333,Leeward,Sand,25,0.496,2,2
E1,2018-04-17,Experimental,Z,7,32.9184,16.6884183333334,-62.2136783333333,Leeward,Sand,26.5,1.799,7,4
E1,2018-04-24,Experimental,Z,7,32.9184,16.6884183333334,-62.2136783333333,Leeward,Sand,28.1388888888889,7.16,18,3
E1,2018-05-01,Experimental,Z,7,32.9184,16.6884183333334,-62.2136783333333,Leeward,Sand,28.7777777777778,3.52,9,4
E1,2018-05-08,Experimental,Z,7,32.9184,16.6884183333334,-62.2136783333333,Leeward,Sand,23.575,9.78,40,13
E1,2018-05-15,Experimental,Z,7,32.9184,16.6884183333334,-62.2136783333333,Leeward,Sand,23.8333333333333,3.725,12,4
E1,2018-05-22,Experimental,Z,7,32.9184,16.6884183333334,-62.2136783333333,Leeward,Sand,26.21875,5.57,16,9
E1,2018-06-05,Experimental,Z,14,32.9184,16.6884183333334,-62.2136783333333,Leeward,Sand,27.25,10.756,44,10
E1,2018-06-19,Experimental,Z,14,32.9184,16.6884183333334,-62.2136783333333,Leeward,Sand,25.3125,5.83,8,4
E10,2018-03-16,Experimental,Z,4,NA,16.82343,-62.20507,Leeward,Sand,0,0,0,0
E10,2018-03-20,Experimental,Z,4,NA,16.82343,-62.20507,Leeward,Sand,24.5,0.291,1,1
E10,2018-03-28,Experimental,Z,4,NA,16.82343,-62.20507,Leeward,Sand,20,0.206,1,1
E10,2018-04-03,Experimental,Z,6,NA,16.82343,-62.20507,Leeward,Sand,20,1.577,8,2
E10,2018-05-01,Experimental,Z,7,NA,16.82343,-62.20507,Leeward,Sand,29,1.67,3,1
E10,2018-09-23,Experimental,Z,12,NA,16.82343,-62.20507,Leeward,Sand,23,1.18,4,2
E11,2018-04-30,Experimental,V,6,NA,16.8503666666667,-62.1768166666667,Windward,Algal Reef (Hard Bottom),24.5,0.555,2,2
E11,2018-06-05,Experimental,V,14,NA,16.8503666666667,-62.1768166666667,Windward,Algal Reef (Hard Bottom),28.4285714285714,2.63,7,2
E11,2018-06-19,Experimental,V,14,NA,16.8503666666667,-62.1768166666667,Windward,Algal Reef (Hard Bottom),28.6,4.17,5,3
E11,2018-08-28,Experimental,V,14,NA,16.8503666666667,-62.1768166666667,Windward,Algal Reef (Hard Bottom),0,0,0,0
E11,2018-09-11,Experimental,V,14,NA,16.8503666666667,-62.1768166666667,Windward,Algal Reef (Hard Bottom),21.8235294117647,3.9,17,9
E12,2018-04-30,Experimental,V,6,NA,NA,NA,Windward,NA,26,0.61,2,1
E12,2018-08-28,Experimental,V,14,NA,NA,NA,Windward,NA,28,10.14,27,7
E12,2018-09-11,Experimental,V,14,NA,NA,NA,Windward,NA,22.5,3.86,17,3
E13,2018-04-30,Experimental,V,6,31.0896,16.82385,-62.16765,Windward,Coral Reef,21.5,2.77,11,5
E13,2018-06-05,Experimental,V,14,31.0896,16.82385,-62.16765,Windward,Coral Reef,21,0.93,4,3
E13,2018-08-28,Experimental,V,14,31.0896,16.82385,-62.16765,Windward,Coral Reef,0,0,0,0
E13,2018-09-23,Experimental,V,12,31.0896,16.82385,-62.16765,Windward,Coral Reef,26.5,1,2,1
E14,2018-04-30,Experimental,V,6,NA,16.8441,-62.1659666666667,Windward,Algal Reef (Hard Bottom),33.5,0.97,2,1
E14,2018-09-11,Experimental,V,14,NA,16.8441,-62.1659666666667,Windward,Algal Reef (Hard Bottom),28.7222222222222,3.22,9,4
E15,2018-06-05,Experimental,V,14,NA,16.8433833333333,-62.1644333333333,Windward,Algal Reef (Hard Bottom),22.2083333333333,4.69,12,3
E15,2018-08-28,Experimental,V,14,NA,16.8433833333333,-62.1644333333333,Windward,Algal Reef (Hard Bottom),29,1.42,3,2
E15,2018-09-23,Experimental,V,12,NA,16.8433833333333,-62.1644333333333,Windward,Algal Reef (Hard Bottom),29,3.6,9,4
E16,2018-08-28,Experimental,V,14,32.9184,16.7096,-62.2416,Leeward,Sand,0,0,0,0
E17,2018-08-28,Experimental,V,14,NA,16.7100333333333,-62.2418666666667,Leeward,Sand,26.0833333333333,7.36,24,8
E17,2018-09-11,Experimental,V,14,NA,16.7100333333333,-62.2418666666667,Leeward,Sand,24.2941176470588,4.58,17,6
E17,2018-09-23,Experimental,V,12,NA,16.7100333333333,-62.2418666666667,Leeward,Sand,25.4545454545455,3.62,11,6
E17,2018-10-23,Experimental,V,30,NA,16.7100333333333,-62.2418666666667,Leeward,Sand,25.5,0.92,3,2
E18,2018-08-28,Experimental,V,14,NA,16.71005,-62.2431166666667,Leeward,Sand,30.6,3.01,5,3
E18,2018-09-11,Experimental,V,14,NA,16.71005,-62.2431166666667,Leeward,Sand,25.8823529411765,5.76,17,7
E18,2018-09-23,Experimental,V,12,NA,16.71005,-62.2431166666667,Leeward,Sand,26.45,3.54,10,7
E18,2018-10-23,Experimental,V,30,NA,16.71005,-62.2431166666667,Leeward,Sand,26.03125,6.58,16,6
E19,2018-08-28,Experimental,V,14,22.86,16.71,-62.2391,Leeward,Sand,26,1.4,5,4
E19,2018-09-11,Experimental,V,14,22.86,16.71,-62.2391,Leeward,Sand,28.1,2.04,5,4
E19,2018-09-23,Experimental,V,12,22.86,16.71,-62.2391,Leeward,Sand,26.0714285714286,2.08,7,4
E19,2018-10-23,Experimental,V,30,22.86,16.71,-62.2391,Leeward,Sand,24.5,0.32,1,1
E19,2018-11-21,Experimental,V,29,22.86,16.71,-62.2391,Leeward,Sand,29.0833333333333,2.2,6,4
E2,2018-03-16,Experimental,Z,4,NA,NA,NA,Leeward,NA,0,0,0,0
E2,2018-03-20,Experimental,Z,4,NA,NA,NA,Leeward,NA,0,0,0,0
E20,2018-08-28,Experimental,V,14,19.2024,16.7102666666667,-62.2397333333333,Leeward,Sand,22,3.32,14,6
E20,2018-09-23,Experimental,V,12,19.2024,16.7102666666667,-62.2397333333333,Leeward,Sand,25.6666666666667,8.72,24,4
E20,2018-10-23,Experimental,V,30,19.2024,16.7102666666667,-62.2397333333333,Leeward,Sand,24.8333333333333,1.72,6,3
E20,2018-11-21,Experimental,V,29,19.2024,16.7102666666667,-62.2397333333333,Leeward,Sand,28,0.32,1,1
E3,2018-03-16,Experimental,Z,4,32.6136,16.71026,-62.236665,Leeward,Seagrass,19.5,3.876,22,10
E3,2018-03-20,Experimental,Z,4,32.6136,16.71026,-62.236665,Leeward,Seagrass,20.46,5.291,25,5
E3,2018-03-24,Experimental,Z,4,32.6136,16.71026,-62.236665,Leeward,Seagrass,21.15,2.263,10,5
E3,2018-03-28,Experimental,Z,4,32.6136,16.71026,-62.236665,Leeward,Seagrass,19.2884615384615,4.586,26,6
E3,2018-04-03,Experimental,Z,6,32.6136,16.71026,-62.236665,Leeward,Seagrass,22.35,8.044,30,7
E3,2018-04-10,Experimental,Z,7,32.6136,16.71026,-62.236665,Leeward,Seagrass,20.2666666666667,9.239,45,6
E3,2018-04-17,Experimental,Z,7,32.6136,16.71026,-62.236665,Leeward,Seagrass,21.3452380952381,9.427,42,8
E3,2018-04-24,Experimental,Z,7,32.6136,16.71026,-62.236665,Leeward,Seagrass,26.9375,2.87,8,5
E3,2018-05-01,Experimental,Z,7,32.6136,16.71026,-62.236665,Leeward,Seagrass,28.2666666666667,7.615,15,5
E3,2018-05-08,Experimental,Z,7,32.6136,16.71026,-62.236665,Leeward,Seagrass,30,1.265,2,2
E3,2018-05-22,Experimental,Z,7,32.6136,16.71026,-62.236665,Leeward,Seagrass,20.8,2.235,10,4
E3,2018-06-19,Experimental,Z,14,32.6136,16.71026,-62.236665,Leeward,Seagrass,26.3214285714286,25.821,28,9
E3,2018-07-03,Experimental,Z,14,32.6136,16.71026,-62.236665,Leeward,Seagrass,26.2,9.59,10,7
E3,2018-08-02,Experimental,Z,30,32.6136,16.71026,-62.236665,Leeward,Seagrass,28.25,2.92,6,4
E3,2018-08-14,Experimental,Z,12,32.6136,16.71026,-62.236665,Leeward,Seagrass,0,0,0,0
E3,2018-08-28,Experimental,Z,14,32.6136,16.71026,-62.236665,Leeward,Seagrass,0,0,0,0
E3,2018-09-11,Experimental,Z,14,32.6136,16.71026,-62.236665,Leeward,Seagrass,23.875,3.42,12,3
E3,2018-09-23,Experimental,Z,12,32.6136,16.71026,-62.236665,Leeward,Seagrass,26.1666666666667,4.55,12,4
E3,2018-11-21,Experimental,Z,29,32.6136,16.71026,-62.236665,Leeward,Seagrass,29.5,1.7,3,3
E4,2018-03-16,Experimental,Z,4,38.4048,16.7088272222222,-62.2381144444444,Leeward,Sand,22.25,2.712,12,6
E4,2018-03-20,Experimental,Z,4,38.4048,16.7088272222222,-62.2381144444444,Leeward,Sand,20.2857142857143,2.636,14,4
E4,2018-03-24,Experimental,Z,4,38.4048,16.7088272222222,-62.2381144444444,Leeward,Sand,19.6071428571429,2.406,14,4
E4,2018-03-28,Experimental,Z,4,38.4048,16.7088272222222,-62.2381144444444,Leeward,Sand,15.3333333333333,0.296,3,2
E4,2018-04-03,Experimental,Z,6,38.4048,16.7088272222222,-62.2381144444444,Leeward,Sand,21.9230769230769,2.966,13,6
E4,2018-04-10,Experimental,Z,7,38.4048,16.7088272222222,-62.2381144444444,Leeward,Sand,19.6363636363636,6.137,33,5
E4,2018-04-17,Experimental,Z,7,38.4048,16.7088272222222,-62.2381144444444,Leeward,Sand,22.7931034482759,7.07,29,5
E4,2018-04-24,Experimental,Z,7,38.4048,16.7088272222222,-62.2381144444444,Leeward,Sand,23.8095238095238,8.81,21,3
E4,2018-05-01,Experimental,Z,7,38.4048,16.7088272222222,-62.2381144444444,Leeward,Sand,24.6666666666667,3.02,9,4
E4,2018-05-08,Experimental,Z,7,38.4048,16.7088272222222,-62.2381144444444,Leeward,Sand,21.9285714285714,1.73,7,3
E4,2018-05-15,Experimental,Z,7,38.4048,16.7088272222222,-62.2381144444444,Leeward,Sand,23.9318181818182,7.885,22,10
E4,2018-05-22,Experimental,Z,7,38.4048,16.7088272222222,-62.2381144444444,Leeward,Sand,30.2857142857143,4.935,14,7
E4,2018-06-19,Experimental,Z,14,38.4048,16.7088272222222,-62.2381144444444,Leeward,Sand,22.4285714285714,10.49,21,6
E4,2018-07-03,Experimental,Z,14,38.4048,16.7088272222222,-62.2381144444444,Leeward,Sand,24.95,7.94,10,6
E4,2018-08-02,Experimental,Z,30,38.4048,16.7088272222222,-62.2381144444444,Leeward,Sand,29.0666666666667,7.68,15,6
E4,2018-08-14,Experimental,Z,12,38.4048,16.7088272222222,-62.2381144444444,Leeward,Sand,31.7222222222222,7.73,9,3
E4,2018-08-28,Experimental,Z,14,38.4048,16.7088272222222,-62.2381144444444,Leeward,Sand,27.75,7.13,18,12
E4,2018-09-11,Experimental,Z,14,38.4048,16.7088272222222,-62.2381144444444,Leeward,Sand,24.7142857142857,2.5,7,3
E4,2018-09-23,Experimental,Z,12,38.4048,16.7088272222222,-62.2381144444444,Leeward,Sand,24.8,1.68,5,3
E5,2018-03-16,Experimental,Z,4,40.8432,16.7626344444444,-62.2345744444444,Leeward,Hard Bottom and Sand,0,0,0,0
E5,2018-03-20,Experimental,Z,4,40.8432,16.7626344444444,-62.2345744444444,Leeward,Hard Bottom and Sand,0,0,0,0
E5,2018-03-24,Experimental,Z,4,40.8432,16.7626344444444,-62.2345744444444,Leeward,Hard Bottom and Sand,25,0.171,1,1
E5,2018-03-28,Experimental,Z,4,40.8432,16.7626344444444,-62.2345744444444,Leeward,Hard Bottom and Sand,31,0.464,1,1
E5,2018-04-10,Experimental,Z,7,40.8432,16.7626344444444,-62.2345744444444,Leeward,Hard Bottom and Sand,16.6666666666667,0.411,3,1
E5,2018-04-17,Experimental,Z,7,40.8432,16.7626344444444,-62.2345744444444,Leeward,Hard Bottom and Sand,0,0,0,0
E5,2018-05-08,Experimental,Z,7,40.8432,16.7626344444444,-62.2345744444444,Leeward,Hard Bottom and Sand,20.5526315789474,4.89,19,6
E5,2018-05-15,Experimental,Z,7,40.8432,16.7626344444444,-62.2345744444444,Leeward,Hard Bottom and Sand,25.625,1.26,4,3
E5,2018-05-22,Experimental,Z,7,40.8432,16.7626344444444,-62.2345744444444,Leeward,Hard Bottom and Sand,20.2333333333333,3.081,15,9
E5,2018-06-05,Experimental,Z,14,40.8432,16.7626344444444,-62.2345744444444,Leeward,Hard Bottom and Sand,25.1666666666667,1.88,6,4
E5,2018-06-19,Experimental,Z,14,40.8432,16.7626344444444,-62.2345744444444,Leeward,Hard Bottom and Sand,26.625,3.27,4,3
E5,2018-07-03,Experimental,Z,14,40.8432,16.7626344444444,-62.2345744444444,Leeward,Hard Bottom and Sand,26.8571428571429,5.4,7,5
E5,2018-08-14,Experimental,Z,12,40.8432,16.7626344444444,-62.2345744444444,Leeward,Hard Bottom and Sand,25.3571428571429,2.08,7,3
E5,2018-08-28,Experimental,Z,14,40.8432,16.7626344444444,-62.2345744444444,Leeward,Hard Bottom and Sand,28.2,1.78,5,4
E5,2018-09-11,Experimental,Z,14,40.8432,16.7626344444444,-62.2345744444444,Leeward,Hard Bottom and Sand,24,0.62,2,2
E5,2018-09-23,Experimental,Z,12,40.8432,16.7626344444444,-62.2345744444444,Leeward,Hard Bottom and Sand,21,0.38,1,1
E5,2018-11-21,Experimental,Z,29,40.8432,16.7626344444444,-62.2345744444444,Leeward,Hard Bottom and Sand,27.3571428571429,3.2,7,2
E6,2018-03-16,Experimental,Z,4,48.1584,16.75883,-62.238565,Leeward,Sand,0,0,0,0
E6,2018-03-24,Experimental,Z,4,48.1584,16.75883,-62.238565,Leeward,Sand,29,0.406,1,1
E6,2018-03-28,Experimental,Z,4,48.1584,16.75883,-62.238565,Leeward,Sand,28.0833333333333,2.404,6,2
E6,2018-04-03,Experimental,Z,6,48.1584,16.75883,-62.238565,Leeward,Sand,23.2083333333333,2.858,12,5
E6,2018-04-10,Experimental,Z,7,48.1584,16.75883,-62.238565,Leeward,Sand,24,0.594,2,2
E6,2018-04-17,Experimental,Z,7,48.1584,16.75883,-62.238565,Leeward,Sand,26.2,1.641,5,4
E6,2018-04-24,Experimental,Z,7,48.1584,16.75883,-62.238565,Leeward,Sand,24.75,1.91,2,2
E6,2018-05-08,Experimental,Z,7,48.1584,16.75883,-62.238565,Leeward,Sand,41.75,3.545,2,2
E6,2018-05-15,Experimental,Z,7,48.1584,16.75883,-62.238565,Leeward,Sand,26.4666666666667,6.37,15,4
E6,2018-06-05,Experimental,Z,14,48.1584,16.75883,-62.238565,Leeward,Sand,27.5555555555556,6.78,9,2
E6,2018-06-19,Experimental,Z,14,48.1584,16.75883,-62.238565,Leeward,Sand,28.05,11.25,10,7
E6,2018-07-03,Experimental,Z,14,48.1584,16.75883,-62.238565,Leeward,Sand,23.0833333333333,9.78,18,7
E6,2018-08-02,Experimental,Z,30,48.1584,16.75883,-62.238565,Leeward,Sand,42,0.52,1,1
E6,2018-08-14,Experimental,Z,12,48.1584,16.75883,-62.238565,Leeward,Sand,0,0,0,0
E6,2018-08-28,Experimental,Z,14,48.1584,16.75883,-62.238565,Leeward,Sand,25.9583333333333,4.18,12,5
E6,2018-09-23,Experimental,Z,12,48.1584,16.75883,-62.238565,Leeward,Sand,31.25,3.7,6,4
E7,2018-03-16,Experimental,Z,4,49.3776,16.7888083333334,-62.2273583333334,Leeward,Hard Bottom and Sand,12,0.105,2,1
E7,2018-03-20,Experimental,Z,4,49.3776,16.7888083333334,-62.2273583333334,Leeward,Hard Bottom and Sand,19.3,1.078,5,4
E7,2018-03-24,Experimental,Z,4,49.3776,16.7888083333334,-62.2273583333334,Leeward,Hard Bottom and Sand,29.0833333333333,2.655,6,2
E7,2018-03-28,Experimental,Z,4,49.3776,16.7888083333334,-62.2273583333334,Leeward,Hard Bottom and Sand,17.3333333333333,0.362,3,3
E7,2018-04-03,Experimental,Z,6,49.3776,16.7888083333334,-62.2273583333334,Leeward,Hard Bottom and Sand,23.8888888888889,3.39,9,5
E7,2018-04-17,Experimental,Z,7,49.3776,16.7888083333334,-62.2273583333334,Leeward,Hard Bottom and Sand,20.5833333333333,1.264,6,3
E7,2018-05-08,Experimental,Z,7,49.3776,16.7888083333334,-62.2273583333334,Leeward,Hard Bottom and Sand,25.6428571428571,2.755,7,3
E7,2018-05-15,Experimental,Z,7,49.3776,16.7888083333334,-62.2273583333334,Leeward,Hard Bottom and Sand,24.9166666666667,1.82,6,4
E7,2018-05-22,Experimental,Z,7,49.3776,16.7888083333334,-62.2273583333334,Leeward,Hard Bottom and Sand,27.7142857142857,3.355,7,4
E7,2018-06-19,Experimental,Z,14,49.3776,16.7888083333334,-62.2273583333334,Leeward,Hard Bottom and Sand,20.125,2.16,4,3
E7,2018-07-03,Experimental,Z,14,49.3776,16.7888083333334,-62.2273583333334,Leeward,Hard Bottom and Sand,21.1363636363636,5.46,11,5
E7,2018-08-02,Experimental,Z,30,49.3776,16.7888083333334,-62.2273583333334,Leeward,Hard Bottom and Sand,35.7,3.4,5,2
E7,2018-08-14,Experimental,Z,12,49.3776,16.7888083333334,-62.2273583333334,Leeward,Hard Bottom and Sand,20.0681818181818,4.2,22,5
E7,2018-08-28,Experimental,Z,14,49.3776,16.7888083333334,-62.2273583333334,Leeward,Hard Bottom and Sand,27.375,5.44,12,6
E7,2018-09-23,Experimental,Z,12,49.3776,16.7888083333334,-62.2273583333334,Leeward,Hard Bottom and Sand,27.3636363636364,4.9,11,5
E7,2018-10-23,Experimental,Z,30,49.3776,16.7888083333334,-62.2273583333334,Leeward,Hard Bottom and Sand,21.3571428571429,3.52,14,5
E7,2018-11-21,Experimental,Z,29,49.3776,16.7888083333334,-62.2273583333334,Leeward,Hard Bottom and Sand,28.5,3.9,6,3
E8,2018-03-16,Experimental,Z,4,18.5928,16.7844522222222,-62.2217866666667,Leeward,Sand,20,0.266,1,1
E8,2018-03-20,Experimental,Z,4,18.5928,16.7844522222222,-62.2217866666667,Leeward,Sand,40,1.083,1,1
E8,2018-03-24,Experimental,Z,4,18.5928,16.7844522222222,-62.2217866666667,Leeward,Sand,26.2,0.837,3,1
E8,2018-03-28,Experimental,Z,4,18.5928,16.7844522222222,-62.2217866666667,Leeward,Sand,0,0,0,0
E8,2018-04-03,Experimental,Z,6,18.5928,16.7844522222222,-62.2217866666667,Leeward,Sand,25.5,0.88,3,2
E8,2018-04-17,Experimental,Z,7,18.5928,16.7844522222222,-62.2217866666667,Leeward,Sand,19.375,13.536,68,1
E8,2018-04-24,Experimental,Z,7,18.5928,16.7844522222222,-62.2217866666667,Leeward,Sand,22.5,4.65,8,4
E8,2018-05-01,Experimental,Z,7,18.5928,16.7844522222222,-62.2217866666667,Leeward,Sand,25.25,0.515,2,2
E8,2018-05-08,Experimental,Z,7,18.5928,16.7844522222222,-62.2217866666667,Leeward,Sand,19.8666666666667,3.106,15,5
E8,2018-05-15,Experimental,Z,7,18.5928,16.7844522222222,-62.2217866666667,Leeward,Sand,29.75,0.845,2,2
E8,2018-06-05,Experimental,Z,14,18.5928,16.7844522222222,-62.2217866666667,Leeward,Sand,26.3888888888889,3.09,9,7
E8,2018-06-19,Experimental,Z,14,18.5928,16.7844522222222,-62.2217866666667,Leeward,Sand,20.55,5,10,2
E8,2018-07-03,Experimental,Z,14,18.5928,16.7844522222222,-62.2217866666667,Leeward,Sand,28,0.98,1,1
E8,2018-08-02,Experimental,Z,30,18.5928,16.7844522222222,-62.2217866666667,Leeward,Sand,19,1.78,9,1
E8,2018-08-14,Experimental,Z,12,18.5928,16.7844522222222,-62.2217866666667,Leeward,Sand,26,0.82,2,2
E8,2018-08-28,Experimental,Z,14,18.5928,16.7844522222222,-62.2217866666667,Leeward,Sand,30.5,0.56,1,1
E8,2018-09-11,Experimental,Z,14,18.5928,16.7844522222222,-62.2217866666667,Leeward,Sand,30.3333333333333,1.56,3,2
E8,2018-09-23,Experimental,Z,12,18.5928,16.7844522222222,-62.2217866666667,Leeward,Sand,28.578947368421,9.58,19,9
E8,2018-11-21,Experimental,Z,29,18.5928,16.7844522222222,-62.2217866666667,Leeward,Sand,25,1.08,4,2
E9,2018-03-16,Experimental,Z,4,22.5552,16.8239983333334,-62.2070833333334,Leeward,Sand,23.9,4.38,15,2
E9,2018-03-20,Experimental,Z,4,22.5552,16.8239983333334,-62.2070833333334,Leeward,Sand,0,0,0,0
E9,2018-03-24,Experimental,Z,4,22.5552,16.8239983333334,-62.2070833333334,Leeward,Sand,21.5357142857143,3.506,14,4
E9,2018-03-28,Experimental,Z,4,22.5552,16.8239983333334,-62.2070833333334,Leeward,Sand,22.5833333333333,1.463,6,2
E9,2018-04-17,Experimental,Z,7,22.5552,16.8239983333334,-62.2070833333334,Leeward,Sand,0,0,0,0
E9,2018-05-08,Experimental,Z,7,22.5552,16.8239983333334,-62.2070833333334,Leeward,Sand,17.1944444444444,2.906,18,1
E9,2018-05-22,Experimental,Z,7,22.5552,16.8239983333334,-62.2070833333334,Leeward,Sand,27.6666666666667,4.195,9,3
E9,2018-06-19,Experimental,Z,14,22.5552,16.8239983333334,-62.2070833333334,Leeward,Sand,28,3.53,5,3
E9,2018-07-03,Experimental,Z,14,22.5552,16.8239983333334,-62.2070833333334,Leeward,Sand,26,1.26,2,1
E9,2018-08-02,Experimental,Z,30,22.5552,16.8239983333334,-62.2070833333334,Leeward,Sand,26.9090909090909,4.63,11,6
E9,2018-08-14,Experimental,Z,12,22.5552,16.8239983333334,-62.2070833333334,Leeward,Sand,26.6111111111111,3.2,9,4
E9,2018-08-28,Experimental,Z,14,22.5552,16.8239983333334,-62.2070833333334,Leeward,Sand,0,0,0,0
E9,2018-09-11,Experimental,Z,14,22.5552,16.8239983333334,-62.2070833333334,Leeward,Sand,22,0.84,2,2
E9,2018-10-23,Experimental,Z,30,22.5552,16.8239983333334,-62.2070833333334,Leeward,Sand,25.9677419354839,11.2,31,4
E9,2018-11-21,Experimental,Z,29,22.5552,16.8239983333334,-62.2070833333334,Leeward,Sand,25.2272727272727,3.76,11,4
